{
  "variant": "wholefile",
  "n_devices": 28,
  "embedding_dim": 1024,
  "effective_rank": 27,
  "D_max": 20,
  "rule_of_thumb_D": 10,
  "before": {
    "isotropy": 0.35615120387197746,
    "similarity": {
      "mean": 0.8654300570487976,
      "std": 0.05037518963217735,
      "min": 0.6898270845413208,
      "max": 0.9657093286514282,
      "median": 0.8725119829177856
    },
    "mcc_gini": 0.693130565323208
  },
  "eigenvalue_spectrum": {
    "singular_values": [
      0.9280014038085938,
      0.6153119206428528,
      0.5322816371917725,
      0.4831811785697937,
      0.45402947068214417,
      0.423965185880661,
      0.3825373947620392,
      0.3751232922077179,
      0.3556327521800995,
      0.3441024720668793,
      0.3269171118736267,
      0.313202828168869,
      0.2911559045314789,
      0.28012290596961975,
      0.27483317255973816,
      0.2644697427749634,
      0.24593646824359894,
      0.24067184329032898,
      0.22682015597820282,
      0.22538523375988007,
      0.21669912338256836,
      0.19932414591312408,
      0.1840144842863083,
      0.17526274919509888,
      0.16726632416248322,
      0.15558180212974548,
      0.14556396007537842,
      4.3225438162153296e-07
    ],
    "variance_ratio": [
      0.23702026903629303,
      0.10420268028974533,
      0.07797783613204956,
      0.06425519287586212,
      0.05673568323254585,
      0.04947076365351677,
      0.04027504101395607,
      0.038729000836610794,
      0.034809011965990067,
      0.03258845582604408,
      0.029414640739560127,
      0.026998495683073997,
      0.023331325501203537,
      0.021596604958176613,
      0.020788660272955894,
      0.019250420853495598,
      0.01664692722260952,
      0.01594185270369053,
      0.014159617014229298,
      0.013981028459966183,
      0.012924165464937687,
      0.010934730060398579,
      0.009319492615759373,
      0.008454102091491222,
      0.00770025746896863,
      0.00666201813146472,
      0.005831710062921047,
      5.142413933372468e-14
    ],
    "cumulative_variance": [
      0.23702026903629303,
      0.34122294187545776,
      0.4192007780075073,
      0.48345595598220825,
      0.540191650390625,
      0.5896624326705933,
      0.629937469959259,
      0.6686664819717407,
      0.7034754753112793,
      0.7360639572143555,
      0.7654786109924316,
      0.7924771308898926,
      0.8158084750175476,
      0.8374050855636597,
      0.8581937551498413,
      0.8774441480636597,
      0.8940910696983337,
      0.9100329279899597,
      0.9241925477981567,
      0.9381735920906067,
      0.9510977864265442,
      0.9620324969291687,
      0.9713519811630249,
      0.9798060655593872,
      0.9875063300132751,
      0.9941683411598206,
      1.0,
      1.0
    ]
  },
  "per_D": {
    "1": {
      "cumulative_variance_removed": 0.23702026903629303,
      "isotropy": 0.7017139002730914,
      "similarity": {
        "mean": 0.0673305094242096,
        "std": 0.13974212110042572,
        "min": -0.2871495187282562,
        "max": 0.6139337420463562,
        "median": 0.05852480232715607
      },
      "mcc_gini": 0.636809149805583
    },
    "2": {
      "cumulative_variance_removed": 0.34122294187545776,
      "isotropy": 0.6295539421443473,
      "similarity": {
        "mean": 0.1305997669696808,
        "std": 0.1309390366077423,
        "min": -0.16279956698417664,
        "max": 0.5480425357818604,
        "median": 0.11657492816448212
      },
      "mcc_gini": 0.6495677809702034
    },
    "3": {
      "cumulative_variance_removed": 0.4192007780075073,
      "isotropy": 0.6118053779398672,
      "similarity": {
        "mean": 0.16379889845848083,
        "std": 0.12087760865688324,
        "min": -0.19832314550876617,
        "max": 0.5660182237625122,
        "median": 0.16828948259353638
      },
      "mcc_gini": 0.6581796613688751
    },
    "4": {
      "cumulative_variance_removed": 0.48345595598220825,
      "isotropy": 0.5825544342254165,
      "similarity": {
        "mean": 0.21490034461021423,
        "std": 0.11541474610567093,
        "min": -0.16932514309883118,
        "max": 0.5194238424301147,
        "median": 0.2210140824317932
      },
      "mcc_gini": 0.661410617170755
    },
    "5": {
      "cumulative_variance_removed": 0.540191650390625,
      "isotropy": 0.5247048828637885,
      "similarity": {
        "mean": 0.3214466869831085,
        "std": 0.10878504812717438,
        "min": -0.02148238569498062,
        "max": 0.6369516253471375,
        "median": 0.3280411958694458
      },
      "mcc_gini": 0.6423167642485479
    },
    "6": {
      "cumulative_variance_removed": 0.5896624326705933,
      "isotropy": 0.49334969596038647,
      "similarity": {
        "mean": 0.4054478108882904,
        "std": 0.10832727700471878,
        "min": 0.0929175540804863,
        "max": 0.7049776911735535,
        "median": 0.41649550199508667
      },
      "mcc_gini": 0.652870036078876
    },
    "7": {
      "cumulative_variance_removed": 0.629937469959259,
      "isotropy": 0.44259728829587375,
      "similarity": {
        "mean": 0.5442336201667786,
        "std": 0.0981728732585907,
        "min": 0.2290419638156891,
        "max": 0.8417870998382568,
        "median": 0.5473710298538208
      },
      "mcc_gini": 0.6689846110708164
    },
    "8": {
      "cumulative_variance_removed": 0.6686664819717407,
      "isotropy": 0.43319492251530844,
      "similarity": {
        "mean": 0.5748569369316101,
        "std": 0.10268223285675049,
        "min": 0.3107653856277466,
        "max": 0.9325616359710693,
        "median": 0.5740607976913452
      },
      "mcc_gini": 0.6666521611069882
    },
    "9": {
      "cumulative_variance_removed": 0.7034754753112793,
      "isotropy": 0.42310662569329394,
      "similarity": {
        "mean": 0.6184477806091309,
        "std": 0.09767980873584747,
        "min": 0.34980493783950806,
        "max": 0.9464212656021118,
        "median": 0.6196451783180237
      },
      "mcc_gini": 0.656334291011077
    },
    "10": {
      "cumulative_variance_removed": 0.7360639572143555,
      "isotropy": 0.409362347143499,
      "similarity": {
        "mean": 0.6452172994613647,
        "std": 0.0942414179444313,
        "min": 0.34735843539237976,
        "max": 0.94842129945755,
        "median": 0.6430572867393494
      },
      "mcc_gini": 0.6567324992533907
    },
    "11": {
      "cumulative_variance_removed": 0.7654786109924316,
      "isotropy": 0.4017522818933031,
      "similarity": {
        "mean": 0.6768910884857178,
        "std": 0.09182383120059967,
        "min": 0.3996310532093048,
        "max": 0.9565180540084839,
        "median": 0.6659215688705444
      },
      "mcc_gini": 0.654289175103296
    },
    "12": {
      "cumulative_variance_removed": 0.7924771308898926,
      "isotropy": 0.39779111507396403,
      "similarity": {
        "mean": 0.7161209583282471,
        "std": 0.08447004854679108,
        "min": 0.5246810913085938,
        "max": 0.968434751033783,
        "median": 0.706845760345459
      },
      "mcc_gini": 0.652635627856337
    },
    "13": {
      "cumulative_variance_removed": 0.8158084750175476,
      "isotropy": 0.3865200978224788,
      "similarity": {
        "mean": 0.7502020597457886,
        "std": 0.08350107818841934,
        "min": 0.5402733683586121,
        "max": 0.9698736071586609,
        "median": 0.748581051826477
      },
      "mcc_gini": 0.6506020121137508
    },
    "14": {
      "cumulative_variance_removed": 0.8374050855636597,
      "isotropy": 0.3804907796712754,
      "similarity": {
        "mean": 0.7775568962097168,
        "std": 0.08118436485528946,
        "min": 0.5456894636154175,
        "max": 0.9705742001533508,
        "median": 0.7814213633537292
      },
      "mcc_gini": 0.6542706821989046
    },
    "15": {
      "cumulative_variance_removed": 0.8581937551498413,
      "isotropy": 0.370974212568987,
      "similarity": {
        "mean": 0.8123631477355957,