{
  "variant": "poolmean",
  "n_rows": 28,
  "embedding_dim": 1024,
  "effective_rank": 27,
  "D_max": 20,
  "rule_of_thumb_D": 10,
  "before": {
    "isotropy": 0.3454759667523342,
    "similarity": {
      "mean": 0.9480854272842407,
      "std": 0.02506265975534916,
      "min": 0.8675951361656189,
      "max": 0.9936120510101318,
      "median": 0.9542614221572876
    },
    "mcc_gini": 0.6906587694719695
  },
  "eigenvalue_spectrum": {
    "singular_values": [
      0.5691726207733154,
      0.3765486180782318,
      0.3618086278438568,
      0.33593982458114624,
      0.32393503189086914,
      0.2831122577190399,
      0.27627670764923096,
      0.2579987943172455,
      0.2154597043991089,
      0.19522029161453247,
      0.18355360627174377,
      0.17559505999088287,
      0.16864238679409027,
      0.15450526773929596,
      0.14990352094173431,
      0.14071162045001984,
      0.13667772710323334,
      0.13554075360298157,
      0.1214180514216423,
      0.11593979597091675,
      0.11060027778148651,
      0.10087353736162186,
      0.09431750327348709,
      0.08806578069925308,
      0.08366407454013824,
      0.0787021815776825,
      0.05547165125608444,
      4.1962948671425693e-07
    ],
    "variance_ratio": [
      0.23111838102340698,
      0.10115528106689453,
      0.09339084476232529,
      0.08051364123821259,
      0.07486215233802795,
      0.057182587683200836,
      0.054454658180475235,
      0.047487773001194,
      0.03311910480260849,
      0.02718919888138771,
      0.024036560207605362,
      0.02199738472700119,
      0.02028990164399147,
      0.01703072153031826,
      0.016031350940465927,
      0.014125583693385124,
      0.013327294029295444,
      0.013106485828757286,
      0.010517510585486889,
      0.00958984438329935,
      0.008726878091692924,
      0.007259403821080923,
      0.0063464525155723095,
      0.005533002316951752,
      0.004993723705410957,
      0.004418959375470877,
      0.0021952735260128975,
      1.2562569257426603e-13
    ],
    "cumulative_variance": [
      0.23111838102340698,
      0.3322736620903015,
      0.4256645143032074,
      0.5061781406402588,
      0.5810402631759644,
      0.638222873210907,
      0.6926775574684143,
      0.7401653528213501,
      0.7732844352722168,
      0.8004736304283142,
      0.8245102167129517,
      0.8465076088905334,
      0.8667975068092346,
      0.8838282227516174,
      0.8998595476150513,
      0.9139851331710815,
      0.927312433719635,
      0.9404188990592957,
      0.9509364366531372,
      0.9605262875556946,
      0.9692531824111938,
      0.976512610912323,
      0.9828590750694275,
      0.9883920550346375,
      0.9933857917785645,
      0.9978047609329224,
      1.0,
      1.0
    ]
  },
  "per_D": {
    "1": {
      "cumulative_variance_removed": 0.23111838102340698,
      "isotropy": 0.6229880787548553,
      "similarity": {
        "mean": 0.15172015130519867,
        "std": 0.1509973406791687,
        "min": -0.36427319049835205,
        "max": 0.846608579158783,
        "median": 0.14513371884822845
      },
      "mcc_gini": 0.6426662083756598
    },
    "2": {
      "cumulative_variance_removed": 0.3322736620903015,
      "isotropy": 0.5292019447990456,
      "similarity": {
        "mean": 0.31067222356796265,
        "std": 0.14177633821964264,
        "min": -0.274399071931839,
        "max": 0.8744745850563049,
        "median": 0.3049077093601227
      },
      "mcc_gini": 0.6551772081420011
    },
    "3": {
      "cumulative_variance_removed": 0.4256645143032074,
      "isotropy": 0.5101798814610817,
      "similarity": {
        "mean": 0.3670492470264435,
        "std": 0.13703887164592743,
        "min": -0.15446820855140686,
        "max": 0.8759210705757141,
        "median": 0.36135491728782654
      },
      "mcc_gini": 0.6544470593365859
    },
    "4": {
      "cumulative_variance_removed": 0.5061781406402588,
      "isotropy": 0.4948635609286409,
      "similarity": {
        "mean": 0.40327033400535583,
        "std": 0.13490039110183716,
        "min": 0.019250281155109406,
        "max": 0.877472996711731,
        "median": 0.4055023789405823
      },
      "mcc_gini": 0.6532329798014094
    },
    "5": {
      "cumulative_variance_removed": 0.5810402631759644,
      "isotropy": 0.4313909736394423,
      "similarity": {
        "mean": 0.5667933821678162,
        "std": 0.11533426493406296,
        "min": 0.13205192983150482,
        "max": 0.8725467324256897,
        "median": 0.5712867975234985
      },
      "mcc_gini": 0.6434401636848468
    },
    "6": {
      "cumulative_variance_removed": 0.638222873210907,
      "isotropy": 0.4207024402952182,
      "similarity": {
        "mean": 0.5998516082763672,
        "std": 0.11036739498376846,
        "min": 0.1649709790945053,
        "max": 0.9505171179771423,
        "median": 0.5931841731071472
      },
      "mcc_gini": 0.642653253946456
    },
    "7": {
      "cumulative_variance_removed": 0.6926775574684143,
      "isotropy": 0.39362613232457966,
      "similarity": {
        "mean": 0.6786086559295654,
        "std": 0.10219671577215195,
        "min": 0.35274210572242737,
        "max": 0.9360787868499756,
        "median": 0.678532600402832
      },
      "mcc_gini": 0.6367918275516784
    },
    "8": {
      "cumulative_variance_removed": 0.7401653528213501,
      "isotropy": 0.39758322608566504,
      "similarity": {
        "mean": 0.7159414291381836,
        "std": 0.09568029642105103,
        "min": 0.42637598514556885,
        "max": 0.9759743213653564,
        "median": 0.7209423184394836
      },
      "mcc_gini": 0.6348064396014785
    },
    "9": {
      "cumulative_variance_removed": 0.7732844352722168,
      "isotropy": 0.3791125179316301,
      "similarity": {
        "mean": 0.7705066800117493,
        "std": 0.08209531009197235,
        "min": 0.4845539927482605,
        "max": 0.9835909008979797,
        "median": 0.769822359085083
      },
      "mcc_gini": 0.6409168198683657
    },
    "10": {
      "cumulative_variance_removed": 0.8004736304283142,
      "isotropy": 0.37434076244052794,
      "similarity": {
        "mean": 0.7923120856285095,
        "std": 0.07825572788715363,
        "min": 0.5460688471794128,
        "max": 0.9924030900001526,
        "median": 0.7902052998542786
      },
      "mcc_gini": 0.6412196571955482
    },
    "11": {
      "cumulative_variance_removed": 0.8245102167129517,
      "isotropy": 0.36058665027288433,
      "similarity": {
        "mean": 0.8520169258117676,
        "std": 0.05798431485891342,
        "min": 0.6892476081848145,
        "max": 0.9942898154258728,
        "median": 0.8495432138442993
      },
      "mcc_gini": 0.6333215740633642
    },
    "12": {
      "cumulative_variance_removed": 0.8465076088905334,
      "isotropy": 0.3567566117583055,
      "similarity": {
        "mean": 0.8703745603561401,
        "std": 0.05335509777069092,
        "min": 0.7304181456565857,
        "max": 0.9961328506469727,
        "median": 0.8741121292114258
      },
      "mcc_gini": 0.6392331240420677
    },
    "13": {
      "cumulative_variance_removed": 0.8667975068092346,
      "isotropy": 0.3518862736028673,
      "similarity": {
        "mean": 0.8870980143547058,
        "std": 0.049331437796354294,
        "min": 0.7561468482017517,
        "max": 0.996828556060791,
        "median": 0.8903926610946655
      },
      "mcc_gini": 0.6415007553171763
    },
    "14": {
      "cumulative_variance_removed": 0.8838282227516174,
      "isotropy": 0.34766847313419774,
      "similarity": {
        "mean": 0.9030432105064392,
        "std": 0.044601067900657654,
        "min": 0.7694659233093262,
        "max": 0.9982277750968933,
        "median": 0.907162070274353
      },
      "mcc_gini": 0.6386962971298071
    },
    "15": {
      "cumulative_variance_removed": 0.8998595476150513,
      "isotropy": 0.34566624701856247,