{
  "poolmean": {
    "variant": "poolmean",
    "n_rows": 28,
    "embedding_dim": 1024,
    "effective_rank": 27,
    "D_max": 20,
    "rule_of_thumb_D": 10,
    "before": {
      "isotropy": 0.3413149168846717,
      "similarity": {
        "mean": 0.9235082268714905,
        "std": 0.04334656894207001,
        "min": 0.7585412859916687,
        "max": 0.9909248948097229,
        "median": 0.9367160797119141
      },
      "mcc_gini": 0.6463209408141966
    },
    "eigenvalue_spectrum": {
      "singular_values": [
        0.7099101543426514,
        0.518790066242218,
        0.43550312519073486,
        0.43273070454597473,
        0.35841524600982666,
        0.3249343931674957,
        0.29733744263648987,
        0.26922744512557983,
        0.24336035549640656,
        0.23789308965206146,
        0.22455330193042755,
        0.2060164511203766,
        0.20125499367713928,
        0.19272074103355408,
        0.1824149638414383,
        0.1741541177034378,
        0.1669078767299652,
        0.15447069704532623,
        0.14776229858398438,
        0.1423850655555725,
        0.13166536390781403,
        0.12169712036848068,
        0.11113880574703217,
        0.10159780830144882,
        0.09623978286981583,
        0.08502607047557831,
        0.07234673202037811,
        4.330042031597259e-07
      ],
      "variance_ratio": [
        0.24402166903018951,
        0.13031814992427826,
        0.09183414280414581,
        0.09066862612962723,
        0.062200602144002914,
        0.05112260580062866,
        0.042807597666978836,
        0.035096216946840286,
        0.02867617830634117,
        0.02740219049155712,
        0.024415211752057076,
        0.020550644025206566,
        0.01961168646812439,
        0.017983678728342056,
        0.016111744567751884,
        0.014685512520372868,
        0.013488860800862312,
        0.011553507298231125,
        0.010571799241006374,
        0.009816360659897327,
        0.008393918164074421,
        0.007171041332185268,
        0.005980714689940214,
        0.00499793142080307,
        0.0044846744276583195,
        0.0035004657693207264,
        0.002534308470785618,
        9.078327689203067e-14
      ],
      "cumulative_variance": [
        0.24402166903018951,
        0.3743398189544678,
        0.4661739468574524,
        0.556842565536499,
        0.6190431714057922,
        0.6701657772064209,
        0.7129733562469482,
        0.7480695843696594,
        0.7767457365989685,
        0.8041478991508484,
        0.8285630941390991,
        0.8491137623786926,
        0.8687254190444946,
        0.8867090940475464,
        0.9028208255767822,
        0.9175063371658325,
        0.9309952259063721,
        0.9425487518310547,
        0.9531205296516418,
        0.9629368782043457,
        0.9713308215141296,
        0.9785018563270569,
        0.9844825863838196,
        0.9894804954528809,
        0.9939651489257812,
        0.9974656105041504,
        0.9999999403953552,
        0.9999999403953552
      ]
    },
    "per_D": {
      "1": {
        "cumulative_variance_removed": 0.24402166903018951,
        "isotropy": 0.5630696953495116,
        "similarity": {
          "mean": 0.26039987802505493,
          "std": 0.15080946683883667,
          "min": -0.34451282024383545,
          "max": 0.8287839293479919,
          "median": 0.26298242807388306
        },
        "mcc_gini": 0.6736917213148588
      },
      "2": {
        "cumulative_variance_removed": 0.3743398189544678,
        "isotropy": 0.465489047404076,
        "similarity": {
          "mean": 0.4618876278400421,
          "std": 0.13175362348556519,
          "min": -0.0684717670083046,
          "max": 0.8802412152290344,
          "median": 0.4671574831008911
        },
        "mcc_gini": 0.6638558117540245
      },
      "3": {
        "cumulative_variance_removed": 0.4661739468574524,
        "isotropy": 0.4498775823837356,
        "similarity": {
          "mean": 0.5069299340248108,
          "std": 0.12022680789232254,
          "min": 0.13817860186100006,
          "max": 0.8877586126327515,
          "median": 0.5136954188346863
        },
        "mcc_gini": 0.6593445845864203
      },
      "4": {
        "cumulative_variance_removed": 0.556842565536499,
        "isotropy": 0.42684405261333785,
        "similarity": {
          "mean": 0.5809799432754517,
          "std": 0.11231197416782379,
          "min": 0.25212594866752625,
          "max": 0.8857756853103638,
          "median": 0.5779395699501038
        },
        "mcc_gini": 0.6499844613547392
      },
      "5": {
        "cumulative_variance_removed": 0.6190431714057922,
        "isotropy": 0.41738589162903084,
        "similarity": {
          "mean": 0.616763174533844,
          "std": 0.10480885207653046,
          "min": 0.2865034341812134,
          "max": 0.8872572183609009,
          "median": 0.6133836507797241
        },
        "mcc_gini": 0.648002860605845
      },
      "6": {
        "cumulative_variance_removed": 0.6701657772064209,
        "isotropy": 0.4101476935850007,
        "similarity": {
          "mean": 0.6530174612998962,
          "std": 0.09938937425613403,
          "min": 0.34469860792160034,
          "max": 0.9050089716911316,
          "median": 0.64972984790802
        },
        "mcc_gini": 0.6482329313041004
      },
      "7": {
        "cumulative_variance_removed": 0.7129733562469482,
        "isotropy": 0.39710928361734427,
        "similarity": {
          "mean": 0.6921482086181641,
          "std": 0.09733183681964874,
          "min": 0.35995692014694214,
          "max": 0.9656085968017578,
          "median": 0.6860193610191345
        },
        "mcc_gini": 0.6529288700389164
      },
      "8": {
        "cumulative_variance_removed": 0.7480695843696594,
        "isotropy": 0.37881147118799446,
        "similarity": {
          "mean": 0.7448764443397522,
          "std": 0.08903686702251434,
          "min": 0.5002439618110657,
          "max": 0.9696593880653381,
          "median": 0.7441470623016357
        },
        "mcc_gini": 0.6550883495153346
      },
      "9": {
        "cumulative_variance_removed": 0.7767457365989685,
        "isotropy": 0.37988032606513805,
        "similarity": {
          "mean": 0.7954997420310974,
          "std": 0.07449576258659363,
          "min": 0.5901087522506714,
          "max": 0.9744885563850403,
          "median": 0.8020148873329163
        },
        "mcc_gini": 0.646253977655944
      },
      "10": {
        "cumulative_variance_removed": 0.8041478991508484,
        "isotropy": 0.3611369396840887,
        "similarity": {
          "mean": 0.8329529166221619,
          "std": 0.06466678529977798,
          "min": 0.6296722888946533,
          "max": 0.9832140207290649,
          "median": 0.8370891213417053
        },
        "mcc_gini": 0.6346752881922244
      },
      "11": {
        "cumulative_variance_removed": 0.8285630941390991,
        "isotropy": 0.36419732220671946,
        "similarity": {
          "mean": 0.860224187374115,
          "std": 0.05481365695595741,
          "min": 0.6951841115951538,
          "max": 0.9899958372116089,
          "median": 0.8602662086486816
        },
        "mcc_gini": 0.6425878238093548
      },
      "12": {
        "cumulative_variance_removed": 0.8491137623786926,
        "isotropy": 0.3518948830692141,
        "similarity": {
          "mean": 0.8759758472442627,
          "std": 0.05097397044301033,
          "min": 0.7245326638221741,
          "max": 0.9900999665260315,
          "median": 0.8772499561309814
        },
        "mcc_gini": 0.64004113357221
      },
      "13": {
        "cumulative_variance_removed": 0.8687254190444946,
        "isotropy": 0.34945522328306616,
        "similarity": {
          "mean": 0.89107346534729,
          "std": 0.047756973654031754,
          "min": 0.7262669801712036,
          "max": 0.9913153052330017,