{
  "wholefile": {
    "variant": "wholefile",
    "n_rows": 28,
    "embedding_dim": 1024,
    "effective_rank": 27,
    "D_max": 20,
    "rule_of_thumb_D": 10,
    "before": {
      "isotropy": 0.3674689944524382,
      "similarity": {
        "mean": 0.8432134389877319,
        "std": 0.0388718917965889,
        "min": 0.7268608212471008,
        "max": 0.9488807916641235,
        "median": 0.8399746417999268
      },
      "mcc_gini": 0.6576782124533491
    },
    "eigenvalue_spectrum": {
      "singular_values": [
        0.8848599195480347,
        0.6411374807357788,
        0.6297492980957031,
        0.5474650859832764,
        0.5140989422798157,
        0.47430071234703064,
        0.4131510555744171,
        0.41055023670196533,
        0.381996214389801,
        0.377812922000885,
        0.3569517433643341,
        0.3500151038169861,
        0.3277214467525482,
        0.3118082880973816,
        0.3090169131755829,
        0.2957010269165039,
        0.28340375423431396,
        0.27184224128723145,
        0.2641682028770447,
        0.2617245614528656,
        0.242370143532753,
        0.23276129364967346,
        0.2050676941871643,
        0.20248554646968842,
        0.19350667297840118,
        0.18806102871894836,
        0.16421116888523102,
        3.9195984413709084e-07
      ],
      "variance_ratio": [
        0.18495938181877136,
        0.0971023216843605,
        0.0936834067106247,
        0.07080112397670746,
        0.062433935701847076,
        0.053141627460718155,
        0.04032227769494057,
        0.03981620818376541,
        0.0344703271985054,
        0.03371948376297951,
        0.030098602175712585,
        0.02894015610218048,
        0.025370966643095016,
        0.022966912016272545,
        0.022557543590664864,
        0.020655369386076927,
        0.018973108381032944,
        0.0174566600471735,
        0.016484979540109634,
        0.016181405633687973,
        0.013876678422093391,
        0.012798197567462921,
        0.009933946654200554,
        0.009685350582003593,
        0.008845435455441475,
        0.00835458468645811,
        0.006369900889694691,
        3.6291960105530596e-14
      ],
      "cumulative_variance": [
        0.18495938181877136,
        0.28206169605255127,
        0.37574511766433716,
        0.4465462565422058,
        0.5089802145957947,
        0.5621218681335449,
        0.6024441719055176,
        0.6422603726387024,
        0.6767306923866272,
        0.7104501724243164,
        0.7405487895011902,
        0.7694889307022095,
        0.7948598861694336,
        0.8178268074989319,
        0.8403843641281128,
        0.8610397577285767,
        0.8800128698348999,
        0.8974695205688477,
        0.913954496383667,
        0.9301359057426453,
        0.9440125823020935,
        0.9568107724189758,
        0.9667447209358215,
        0.9764300584793091,
        0.9852755069732666,
        0.9936301112174988,
        1.0,
        1.0
      ]
    },
    "per_D": {
      "1": {
        "cumulative_variance_removed": 0.18495938181877136,
        "isotropy": 0.9374660944130488,
        "similarity": {
          "mean": -0.03231891989707947,
          "std": 0.149440735578537,
          "min": -0.4232654869556427,
          "max": 0.5309511423110962,
          "median": -0.038562096655368805
        },
        "mcc_gini": 0.26209883375065735
      },
      "2": {
        "cumulative_variance_removed": 0.28206169605255127,
        "isotropy": 0.9123128826104991,
        "similarity": {
          "mean": -0.023281298577785492,
          "std": 0.14859890937805176,
          "min": -0.43530020117759705,
          "max": 0.5082100033760071,
          "median": -0.03371334820985794
        },
        "mcc_gini": 0.3397681503352983
      },
      "3": {
        "cumulative_variance_removed": 0.37574511766433716,
        "isotropy": 0.8250763606987187,
        "similarity": {
          "mean": 0.0071426876820623875,
          "std": 0.14062361419200897,
          "min": -0.3878708779811859,
          "max": 0.4514077603816986,
          "median": 0.004533537197858095
        },
        "mcc_gini": 0.5012781048780208
      },
      "4": {
        "cumulative_variance_removed": 0.4465462565422058,
        "isotropy": 0.7503629694411275,
        "similarity": {
          "mean": 0.02480939030647278,
          "std": 0.13677485287189484,
          "min": -0.34728944301605225,
          "max": 0.43044424057006836,
          "median": 0.01674751006066799
        },
        "mcc_gini": 0.5857840826893534
      },
      "5": {
        "cumulative_variance_removed": 0.5089802145957947,
        "isotropy": 0.7165930344616193,
        "similarity": {
          "mean": 0.03258701413869858,
          "std": 0.1317128688097,
          "min": -0.39250943064689636,
          "max": 0.4993799030780792,
          "median": 0.038200244307518005
        },
        "mcc_gini": 0.6040959133317636
      },
      "6": {
        "cumulative_variance_removed": 0.5621218681335449,
        "isotropy": 0.7122990431540023,
        "similarity": {
          "mean": 0.06540417671203613,
          "std": 0.12883612513542175,
          "min": -0.45383018255233765,
          "max": 0.47335270047187805,
          "median": 0.07600942254066467
        },
        "mcc_gini": 0.6413703795757368
      },
      "7": {
        "cumulative_variance_removed": 0.6024441719055176,
        "isotropy": 0.6964140443409703,
        "similarity": {
          "mean": 0.0773988738656044,
          "std": 0.13595552742481232,
          "min": -0.36489006876945496,
          "max": 0.44124293327331543,
          "median": 0.08082050085067749
        },
        "mcc_gini": 0.6493044242371582
      },
      "8": {
        "cumulative_variance_removed": 0.6422603726387024,
        "isotropy": 0.6538056533294914,
        "similarity": {
          "mean": 0.11949514597654343,
          "std": 0.13892216980457306,
          "min": -0.3217831254005432,
          "max": 0.5697484612464905,
          "median": 0.11930899322032928
        },
        "mcc_gini": 0.6617174261000511
      },
      "9": {
        "cumulative_variance_removed": 0.6767306923866272,
        "isotropy": 0.6087517000419247,
        "similarity": {
          "mean": 0.1722189038991928,
          "std": 0.1401723176240921,
          "min": -0.30187004804611206,
          "max": 0.6165527701377869,
          "median": 0.1790638566017151
        },
        "mcc_gini": 0.6673884982601339
      },
      "10": {
        "cumulative_variance_removed": 0.7104501724243164,
        "isotropy": 0.5916722177015031,
        "similarity": {
          "mean": 0.19959229230880737,
          "std": 0.14471358060836792,
          "min": -0.20767943561077118,
          "max": 0.6822258830070496,
          "median": 0.19981470704078674
        },
        "mcc_gini": 0.6715071721271504
      },
      "11": {
        "cumulative_variance_removed": 0.7405487895011902,
        "isotropy": 0.5266027255155641,
        "similarity": {
          "mean": 0.3147943615913391,
          "std": 0.1352379024028778,
          "min": -0.09989961236715317,
          "max": 0.7421550154685974,
          "median": 0.3159009516239166
        },
        "mcc_gini": 0.6664977272042041
      },
      "12": {
        "cumulative_variance_removed": 0.7694889307022095,
        "isotropy": 0.47337825664973754,
        "similarity": {
          "mean": 0.4392918646335602,
          "std": 0.12857963144779205,
          "min": 0.07220536470413208,
          "max": 0.7616018652915955,
          "median": 0.42992037534713745
        },
        "mcc_gini": 0.6612853047683647
      },
      "13": {
        "cumulative_variance_removed": 0.7948598861694336,
        "isotropy": 0.4619125934411491,
        "similarity": {
          "mean": 0.4786030650138855,
          "std": 0.13187839090824127,
          "min": 0.14761893451213837,
          "max": 0.8415706157684326,
          "median": 0.4710571765899658
        },